index,CODE,COMM,SPEC
3,3,GRAY TRIGGERFISH,BALISTES CAPRISCUS
6,6,PLANEHEAD FILEFISH,STEPHANOLEPIS HISPIDUS
8,8,BOTHUS SP.,BOTHUS SP.
10,10,COD(ATLANTIC),GADUS MORHUA
11,11,HADDOCK,MELANOGRAMMUS AEGLEFINUS
12,12,WHITE HAKE,UROPHYCIS TENUIS
13,13,SQUIRREL OR RED HAKE,UROPHYCIS CHUSS
14,14,SILVER HAKE,MERLUCCIUS BILINEARIS
15,15,CUSK,BROSME BROSME
16,16,POLLOCK,POLLACHIUS VIRENS
17,17,TOMCOD(ATLANTIC),MICROGADUS TOMCOD
18,18,GADIFORMES,GADIFORMES
19,19,OFF-SHORE HAKE,MERLUCCIUS ALBIDUS
23,23,REDFISH UNSEPARATED,SEBASTES SP.
25,25,TILE FISH,LOPHOLATILUS CHAMAELEONTICEPS
28,28,NEALOTUS TRIPES,NEALOTUS TRIPES
30,30,HALIBUT(ATLANTIC),HIPPOGLOSSUS HIPPOGLOSSUS
31,31,"TURBOT,GREENLAND HALIBUT",REINHARDTIUS HIPPOGLOSSOIDES
38,38,SWALLOWERS,PSEUDOSCOPELUS SP.
39,39,BLACK SWALLOWER,CHIASMODON NIGER
40,40,AMERICAN PLAICE,HIPPOGLOSSOIDES PLATESSOIDES
41,41,WITCH FLOUNDER,GLYPTOCEPHALUS CYNOGLOSSUS
42,42,YELLOWTAIL FLOUNDER,LIMANDA FERRUGINEA
43,43,WINTER FLOUNDER,PSEUDOPLEURONECTES AMERICANUS
44,44,GULF STREAM FLOUNDER,CITHARICHTHYS ARCTIFRONS
49,49,FLOUNDER UNIDENTIFIED,PLEURONECTIDAE F.
50,50,STRIPED ATLANTIC WOLFFISH,ANARHICHAS LUPUS
51,51,SPOTTED WOLFFISH,ANARHICHAS MINOR
52,52,NORTHERN WOLFFISH,ANARHICHAS DENTICULATUS
60,60,HERRING(ATLANTIC),CLUPEA HARENGUS
61,61,SHAD AMERICAN,ALOSA SAPIDISSIMA
62,62,ALEWIFE,ALOSA PSEUDOHARENGUS
63,63,RAINBOW SMELT,OSMERUS MORDAX
64,64,CAPELIN,MALLOTUS VILLOSUS
65,65,SALMON(ATLANTIC),SALMO SALAR
70,70,MACKEREL(ATLANTIC),SCOMBER SCOMBRUS
72,72,SWORDFISH,XIPHIAS GLADIUS
78,78,BULLEYE,COOKEOLUS BOOPS
83,83,SPEARFISH REMORA,REMORA BRACHYPTERA
88,88,PILOTFISH,NAUCRATES DUCTOR
89,89,BIGEYE SCAD,SELAR CRUMENOPHTHALMUS
90,90,UNID. FISH,"UNID. FISH (LARVAE,JUVENILE AND ADULTS)"
92,92,GREATER AMBERJACK,SERIOLA DUMERILI
94,94,ATLANTIC MOONFISH,VOMER SETAPINNIS
100,100,FINFISHES (NS),FINFISHES (NS)
102,102,SCUP,STENOTOMUS CHRYSOPS
109,109,DAINTY MORA,HALARGYREUS JOHNSONII
110,110,ARCTIC COD,BOREOGADUS SAIDA
111,111,SPOTTED HAKE,UROPHYCIS REGIA
112,112,LONGFIN HAKE,UROPHYCIS CHESTERI
113,113,BLUE ANTIMORA/HAKE,ANTIMORA ROSTRATA
114,114,FOURBEARD ROCKLING,ENCHELYOPUS CIMBRIUS
115,115,THREEBEARD ROCKLING,GAIDROPSARUS ENSIS
116,116,SILVER ROCKLING,GAIDROPSARUS ARGENTATUS
117,117,BLUE WHITING,MICROMESISTIUS POUTASSOU
118,118,GREENLAND COD,GADUS OGAC
119,119,ROCKLING UNIDENTIFIED,GAIDROPSARUS SP.
121,121,SOUTHERN SEA BASS,CENTROPRISTIS STRIATA
122,122,CUNNER,TAUTOGOLABRUS ADSPERSUS
123,123,ROSEFISH(BLACK BELLY),HELICOLENUS DACTYLOPTERUS
125,125,DIAPHUS EFFULGENS,DIAPHUS EFFULGENS
135,135,HYGOPHUM HYGOMI,HYGOPHUM HYGOMI
138,138,MIRROR LANTERNFISH,LAMPADENA SPECULIGERA
140,140,SMOOTH FLOUNDER,LIOPSETTA PUTNAMI
141,141,SUMMER FLOUNDER,PARALICHTHYS DENTATUS
142,142,FOURSPOT FLOUNDER,HIPPOGLOSSINA OBLONGA
143,143,BRILL/WINDOWPANE,SCOPHTHALMUS AQUOSUS
146,146,LAMPANYCTUS MACDONALDI,LAMPANYCTUS MACDONALDI
147,147,LAMPANYCTUS PUSILLUS,LAMPANYCTUS PUSILLUS
148,148,NOTCH FEELERFISH,BATHYPTEROIS DUBIUS
149,149,LONGNOSE GREENEYE,PARASUDIS TRUCULENTA
150,150,LANTERNFISH (NS),MYCTOPHIDAE
151,151,STOMIATOID UNIDENTIFIED,STOMIIDAE
152,152,DIAPHUS DUMERILII,DIAPHUS DUMERILII
155,155,LONGTOOTH ANGLEMOUTH,GONOSTOMA ELONGATUM
156,156,SHORT-NOSE GREENEYE,CHLOROPHTHALMUS AGASSIZI
157,157,GLACIER LANTERNFISH,BENTHOSEMA GLACIALE
158,158,MUELLER'S PEARLSIDES,MAUROLICUS MUELLERI
159,159,BOA DRAGONFISH,STOMIAS BOA
160,160,ARGENTINE(ATLANTIC),ARGENTINA SILUS
163,163,"LANTERNFISH,HORNED",CERATOSCOPELUS MADERENSIS
164,164,MENHADEN(ATLANTIC),BREVOORTIA TYRANNUS
165,165,BLUEBACK HERRING,ALOSA AESTIVALIS
169,169,VIPERFISH,CHAULIODUS SLOANI
176,176,GOITRE BLACKSMELT,BATHYLAGUS EURYOPS
177,177,LOOSEJAW,MALACOSTEUS NIGER
180,180,SPOTTED LANTERNFISH,MYCTOPHUM PUNCTATUM
182,182,LANTERNFISH KROYER'S,NOTOSCOPELUS ELONGATUS KROYERI
183,183,LANTERNFISH PATCHWORK,NOTOSCOPELUS RESPLENDENS
184,184,LARGESCALE LANTERNFISH,SYMBOLOPHORUS VERANYI
186,186,TAANINGICHTHYS MINIMUS,TAANINGICHTHYS MINIMUS
193,193,HAKE (NS),UROPHYCIS SP.
194,194,MORAS,MORIDAE
196,196,LEFTEYE FLOUNDER,BOTHIDAE F.
200,200,BARNDOOR SKATE,DIPTURUS LAEVIS
201,201,THORNY SKATE,AMBLYRAJA RADIATA
202,202,SMOOTH SKATE,MALACORAJA SENTA
203,203,LITTLE SKATE,LEUCORAJA ERINACEA
204,204,WINTER SKATE,LEUCORAJA OCELLATA
205,205,SPINYTAIL SKATE,BATHYRAJA SPINICAUDA
206,206,BRIER SKATE,RAJA EGLANTERIA
207,207,ROUND SKATE,RAJELLA FYLLAE
209,209,SHORTTAIL SKATE,AMBLYRAJA JENSENI
211,211,SKATES (NS),RAJIDAE F.
212,212,ABYSSAL SKATE,RAJA BATHYPHILA
215,215,"SHARK, SAND",CARCHARIAS TAURUS
216,216,ATLANTIC TORPEDO,TORPEDO NOBILIANA
219,219,SKATES AND RAYS (NS),RAJIFORMES
220,220,SPINY DOGFISH,SQUALUS ACANTHIAS
221,221,BLACK DOGFISH,CENTROSCYLLIUM FABRICII
222,222,SMOOTH DOGFISH,MUSTELUS CANIS
223,223,PORTUGUESE SHARK,CENTROSCYMNUS COELOLEPIS
224,224,ROUGH SAGRE,ETMOPTERUS PRINCEPS
227,227,NOTOSCOPELUS SP.,NOTOSCOPELUS SP.
228,228,LEPIDOPHANES GUENTHERI,LEPIDOPHANES GUENTHERI
230,230,"PORBEAGLE,MACKEREL SHARK",LAMNA NASUS
239,239,DEEPSEA CAT SHARK,APRISTURUS PROFUNDORUM
240,240,SEA LAMPREY,PETROMYZON MARINUS
241,241,NORTHERN HAGFISH,MYXINE GLUTINOSA
242,242,DEEPWATER CHIMAERA,HYDROLAGUS AFFINIS
243,243,AMERICAN ATLANT STURGEON,ACIPENSER OXYRHYNCHUS
247,247,LONGNOSE CHIMERA,HARRIOTTA RALEIGHANA
248,248,KNIFENOSE CHIMERA,RHINOCHIMAERA ATLANTICA
252,252,LAMPANYCTUS SP.,LAMPANYCTUS SP.
280,280,SCORPIONFISHES,SCORPAENIDAE F.
284,284,LAMPANYCTUS ATER,LAMPANYCTUS ATER
286,286,BENTHOSEMA SP.,BENTHOSEMA SP.
287,287,NOTOSCOPELUS BOLINI,NOTOSCOPELUS BOLINI
288,288,ARGENTINES (NS),ARGENTINIDAE F.
290,290,HERRING/CAPELIN LIKE,CLUPEIDAE/OSMERIDAE F.
293,293,CERATOSCOPELUS SP.,CERATOSCOPELUS SP.
295,295,BATHYLAGUS,BATHYLAGUS SP.
300,300,LONGHORN SCULPIN,MYOXOCEPHALUS OCTODECEMSPINOSUS
301,301,SHORTHORN SCULPIN,MYOXOCEPHALUS SCORPIUS
302,302,ARCTIC STAGHORN SCULPIN,GYMNOCANTHUS TRICUSPIS
303,303,GRUBBY OR LITTLE SCULPIN,MYOXOCEPHALUS AENAEUS
304,304,MAILED SCULPIN,TRIGLOPS MURRAYI
305,305,NYBELIN S SCULPIN,TRIGLOPS NYBELINI
306,306,SNOWFLAKE HOOKEAR SCULPIN,ARTEDIELLUS UNCINATUS
307,307,POLAR SCULPIN,COTTUNCULUS MICROPS
308,308,PALLID SCULPIN,COTTUNCULUS THOMPSONI
309,309,SCULPIN (NS),TRIGLOPS SP.
311,311,SCULPIN UNIDENTIFIED,COTTIDAE F. UNID.
312,312,SCULPINS,COTTIDAE F.
313,313,TWOHORN SCULPIN,ICELUS BICORNIS
314,314,SPATULATE SCULPIN,ICELUS SPATULA
316,316,ARCTIC SCULPIN,MYOXOCEPHALUS SCORPIOIDES
317,317,RIBBED SCULPIN,TRIGLOPS PINGELI
320,320,SEA RAVEN,HEMITRIPTERUS AMERICANUS
323,323,HOOKEAR SCULPIN (NS),ARTEDIELLUS SP.
329,329,SEAROBINS,TRIGLIDAE F.
330,330,"NORTHERN,COMMON  SEA ROBIN",PRIONOTUS CAROLINUS
331,331,ARMORED SEA ROBIN,PERISTEDION MINIATUM
337,337,"SMELTS,CAPELIN (NS)",OSMERIDAE F.
338,338,ARISTOSTOMIAS SP.,ARISTOSTOMIAS SP.
340,340,ALLIGATORFISH,ASPIDOPHOROIDES MONOPTERYGIUS
341,341,ARCTIC ALLIGATORFISH,ASPIDOPHOROIDES OLRIKI
343,343,LAMPADENA SP.,LAMPADENA SP.
346,346,FLATFISH,PLEURONECTIFORMES O.
350,350,ATLANTIC SEA POACHER,LEPTAGONUS DECAGONUS
351,351,ALLIGATOR FISH (NS),AGONIDAE F.
356,356,RONDELETIA LORICATA,RONDELETIA LORICATA
360,360,STICKLEBACK UNIDENTIFIED,GASTEROSTEIDAE F.
361,361,THREESPINE STICKLEBACK,GASTEROSTEUS ACULEATUS
370,370,MYCTOPHUM SP.,MYCTOPHUM SP.
376,376,POLYIPNUS SP.,POLYIPNUS SP.
384,384,DEEPBODY BOARFISH,ANTIGONIA CAPROS
385,385,DEEPWATER FLOUNDER,MONOLENE SESSILICAUDA
386,386,SMALLMOUTH FLOUNDER,ETROPUS MICROSTOMUS
395,395,MACROSTOMIAS LONGIBARBATUS,MACROSTOMIAS LONGIBARBATUS
396,396,PHOTOSTOMIAS GUERNEI,PHOTOSTOMIAS GUERNEI
400,400,"MONKFISH,GOOSEFISH,ANGLER",LOPHIUS AMERICANUS
401,401,DEEPSEA ANGLER,CERATIAS HOLBOELLI
409,409,AMERICAN STRAPTAIL GRENADIER,MALACOCEPHALUS OCCIDENTALIS
410,410,MARLIN-SPIKE GRENADIER,NEZUMIA BAIRDII
411,411,ROUGHHEAD GRENADIER,MACROURUS BERGLAX
412,412,ROUGHNOSE GRENADIER,TRACHYRINCUS MURRAYI
413,413,LONGNOSE GRENADIER,CAELORINCHUS CAELORINCHUS
414,414,ROUNDNOSE GRENADIER,CORYPHAENOIDES RUPESTRIS
416,416,GRENADIERS (NS),MACROURIDAE F.
431,431,CONGER SP.,CONGER SP.
455,455,"EELS, CUTTHROAT (NS)",SYNAPHOBRANCHIDAE F.
463,463,"EELS,SNIPE (NS)",NEMICHTHYIDAE F.
465,465,LAMPANYCTUS PHOTONOTUS,LAMPANYCTUS PHOTONOTUS
478,478,NOTOSCOPELUS CAUDISPINOSUS,NOTOSCOPELUS CAUDISPINOSUS
484,484,PARALEPIS ELONGATA,PARALEPIS ELONGATA
488,488,EVERMANELLA INDICA,EVERMANELLA INDICA
494,494,SCOPELOBERYX ROBUSTUS,SCOPELOBERYX ROBUSTUS
498,498,YELLOWFIN BASS,ANTHIAS NICHOLSI
500,500,SEASNAIL UNIDENTIFIED,LIPARIS SP.
501,501,LUMPFISH,CYCLOPTERUS LUMPUS
502,502,ATLANTIC SPINY LUMPSUCKER,EUMICROTREMUS SPINOSUS
503,503,ATLANTIC SEASNAIL,LIPARIS ATLANTICUS
504,504,STRIPED SEASNAIL,LIPARIS LIPARIS
505,505,"SEASNAIL,GELATINOUS",LIPARIS FABRICII
506,506,GREENLAND SEASNAIL,LIPARIS TUNICATUS
507,507,LONGFIN SEASNAIL,CAREPROCTUS LONGIPINNIS
508,508,INQUILINE SEASNAIL,LIPARIS INQUILINUS
511,511,BLACKSNOUT SEASNAIL,PARALIPARIS COPEI
512,512,"SEASNAIL,DUSKY",LIPARIS GIBBUS
513,513,GULF SEA SNAIL,LIPARIS COHENI
514,514,"LUMPFISHES,SEASNAILS (NS)",CYCLOPTERIDAE F.
515,515,SEA TADPOLE(NS),CAREPROCTUS  SP.
520,520,SEA TADPOLE,CAREPROCTUS REINHARDTI
526,526,BATHYLAGUS BERICOIDES,BATHYLAGUS BERICOIDES
530,530,GAPPER,CHAUNAX SP.
532,532,CUBICEPS GRACILIS,CUBICEPS GRACILIS
556,556,LONGSPINE SNIPEFISH,MACRORHAMPHOSUS SCOLOPAX
557,557,MELAMPHAES SUBORBITALIS,MELAMPHAES SUBORBITALIS
558,558,MELAMPHAEIDAE,MELAMPHAEIDAE
565,565,BARRACUDINA (NS),PARALEPIS  SP.
571,571,SCOPELOGADUS SP.,SCOPELOGADUS SP.
576,576,BLACKMOUTH BASS,SYNAGROPS BELLA
586,586,SEAWEED BLENNY,PARABLENNIUS MARMOREUS
587,587,EPIGONUS PANDIONIS,EPIGONUS PANDIONIS
588,588,SCOPELOSAURUS LEPIDUS,SCOPELOSAURUS LEPIDUS
590,590,SAND LANCES (NS),AMMODYTIDAE F.
592,592,SHARK (NS),SHARK (NS)
593,593,GREENEYES (NS),CHLOROPHTHALMIDAE
594,594,"SMOOTHHEAD,AGASSIZ'S",ALEPOCEPHALUS AGASSIZII
595,595,RED DORY,CYTTOPSIS ROSEA
596,596,BIGEYE SMOOTH-HEAD,BAJACALIFORNIA MEGALOPS
598,598,EELPOUTS (NS),ZOARCIDAE F.
599,599,AMERICAN SAND LANCE,AMMODYTES AMERICANUS
600,600,AMERICAN EEL,ANGUILLA ROSTRATA
601,601,"SNUBNOSE EEL, SLIME EEL",SIMENCHELYS PARASITICA
602,602,GRAY'S CUTTHROAT EEL,SYNAPHOBRANCHUS KAUPI
603,603,WOLF EELPOUT,LYCENCHELYS VERRILLI
604,604,SNIPE EEL,NEMICHTHYS SCOLOPACEUS
607,607,DUCKBILL OCEANIC EEL,NESSORHAMPHUS INGOLFIANUS
608,608,CONGER EEL,CONGER OCEANICUS
609,609,SNAKE EEL,OPHICHTHUS CRUENTIFER
610,610,NORTHERN SAND LANCE,AMMODYTES DUBIUS
611,611,SAND LANCE (NS),AMMODYTES SP.
612,612,DERICHTHYS SERPENTINUS,DERICHTHYS SERPENTINUS
613,613,STOUT SAWPALATE,SERRIVOMER BEANI
614,614,PELICAN GULPER,EURYPHARYNX PELECANOIDES
615,615,BACKFIN TAPIRFISH,LIPOGENYS GILLII
616,616,FISH DOCTOR,GYMNELIS VIRIDIS
617,617,COMMON WOLF EEL,LYCENCHELYS PAXILLUS
619,619,"EELPOUT,NEWFOUNDLAND",LYCODES TERRAENOVA
620,620,LAVAL'S EELPOUT,LYCODES LAVALAEI
621,621,ROCK GUNNEL(EEL),PHOLIS GUNNELLUS
622,622,SNAKE BLENNY,LUMPENUS LUMPRETAEFORMIS
623,623,DAUBED SHANNY,LUMPENUS MACULATUS
624,624,ARCTIC SHANNY,STICHAEUS PUNCTATUS
625,625,RADIATED SHANNY,ULVARIA SUBBIFURCATA
626,626,4-LINE SNAKE BLENNY,EUMESOGRAMMUS PRAECISUS
627,627,PALE EELPOUT,LYCODES PALLIDUS
628,628,POLAR EELPOUT,LYCODES POLARIS
630,630,WRYMOUTH,CRYPTACANTHODES MACULATUS
631,631,SLENDER EELBLENNY,LUMPENUS FABRICII
632,632,STOUT EELBLENNY,LUMPENUS MEDIUS
633,633,BANDED GUNNEL,PHOLIS FASCIATA
634,634,UNIDENTIFIED EELS,ANGUILLOIDEI S.O.
635,635,DRAGONETS,CALLIONYMIDAE F.
637,637,SPOTFIN DRAGONET,FOETOREPUS AGASSIZI
639,639,PRICKLEBACKS,STICHAEIDAE F.
640,640,OCEAN POUT,ZOARCES AMERICANUS
641,641,ARCTIC EELPOUT,LYCODES RETICULATUS
642,642,EELPOUTS(NS),LYCODES SP.
643,643,VACHON'S EELPOUT,LYCODES ESMARKI
644,644,"BLENNIES,SHANNIES,GUNNELS",BLENNIOIDEI S.O.
646,646,ATLANTIC SOFT POUT,MELANOSTIGMA ATLANTICUM
647,647,SHORTTAILED EELPOUT(VAHL),LYCODES VAHLII
648,648,EEL-UNIDENTIFIED,ANGUILLIDAE F.
649,649,CUSK-EELS INCLUDES BROTULIDAE F.,OPHIDIIDAE
650,650,FAWN CUSK EEL,LEPOPHIDIUM PROFUNDORUM
652,652,PERCOIDEI F.,PERCOIDEI S.O.
656,656,SERRIVOMER SP.,SERRIVOMER SP.
657,657,CALLIONYMUS SP.,CALLIONYMUS SP.
660,660,CUSK EELS (NS),OPHIDIOIDEI S.O.
662,662,SPINY EELS (NS),NOTACANTHIDAE F.
664,664,SEA BASSES,MYCTEROPERCA SP.
665,665,"DRAGONFISHES,SMOOTH",MELANOSTOMIATIDAE (STOMIATIDAE) F.
677,677,EPIGONUS DENTICULATUS,EPIGONUS DENTICULATUS
681,681,SCOPELARCHUS ANALIS,SCOPELARCHUS ANALIS
684,684,VINCIGUERRIA NIMBARIA,VINCIGUERRIA NIMBARIA
694,694,BATFISHES,OGCOCEPHALIDAE F.
697,697,CARDINAL FISHES,APOGONIDAE F.
700,700,"HATCHETFISH, ATLANTIC SILVER",ARGYROPELECUS ACULEATUS
701,701,BUTTERFISH,PEPRILUS TRIACANTHUS
702,702,NORTHERN PIPEFISH,SYNGNATHUS FUSCUS
704,704,AMERICAN JOHN DORY,ZENOPSIS OCELLATA
705,705,ARGYROPELECUS GIGAS,ARGYROPELECUS GIGAS
708,708,"HATCHETFISH,SLOPE",POLYIPNUS CLARUS
709,709,TRANSPARENT HATCHETFISH,STERNOPTYX DIAPHANA
710,710,LONGNOSE LANCETFISH,ALEPISAURUS FEROX
711,711,SHORT BARRACUDINA,PARALEPIS ATLANTICA
712,712,WHITE BARRACUDINA,NOTOLEPIS RISSOI
713,713,"BARRACUDINA,UNIDENTIFIED",PARALEPIDIDAE F.
714,714,SIMONYI'S FROSTFISH,BENTHODESMUS SIMONYI
716,716,STRAIGHTLINE DRAGONFISH,BOROSTOMIAS ANTARCTICUS
717,717,TORPEDO DRAGONFISH,GRAMMATOSTOMIAS DENTATUS
720,720,"ATLANTIC SAURY,NEEDLEFISH",SCOMBERESOX SAURUS
724,724,BAIRDS SMOOTHEAD,ALEPOCEPHALUS BAIRDII
725,725,ATLANTIC GYMNAST,XENODERMICHTHYS COPEI
728,728,SETARCHES GUENTHERI,SETARCHES GUENTHERI
729,729,OMOSUDIS LOWEI,OMOSUDIS LOWEI
730,730,OCEAN SUNFISH,MOLA MOLA
731,731,SHORTNOSE LANCETFISH,ALEPISAURUS BREVIROSTRIS
732,732,DAGGERTOOTH,ANOTOPTERUS PHARAO
739,739,SHORTSPINE TAPIRFISH,POLYACANTHONOTUS RISSOANUS
740,740,SPINY EEL,NOTACANTHUS CHEMNITZII
741,741,UNIDENTIFIED HATCHETFISH,STERNOPTYCHIDAE F.
742,742,ATLANTIC BATFISH,DIBRANCHUS ATLANTICUS
743,743,AMERICAN BARRELFISH,HYPEROGLYPHE PERCIFORMIS
744,744,STOUT BEARD FISH,POLYMIXIA NOBILIS
745,745,ANGLEMOUTH,GONOSTOMATIDAE F. (NS)
746,746,NORTHERN PUFFER,SPHOEROIDES MACULATUS
749,749,SLICKHEAD,CONOCARA SALMONEA
750,750,CARDINALFISH,HOWELLA BRODIEI
755,755,ANGLEMOUTH (NS),CYCLOTHONE SP.
756,756,DRAGONFISH UNIDENTIFIED,STOMIAS SP.
758,758,DOFLEINS LANTERNFISH,LOBIANCHIA DOFLEINI
759,759,PIPEFISH UNIDEN.,SYNGNATHUS SP.
768,768,ONEIRODES SP.,ONEIRODES SP.
770,770,ATLANTIC SILVERSIDE,MENIDIA MENIDIA
771,771,BEARDFISH,POLYMIXIA LOWEI
774,774,OGREFISH,ANOPLOGASTER CORNUTA
775,775,ALFONSIN A CASTA LARGA,BERYX DECADACTYLUS
777,777,THORNY TINSELFISH,GRAMMICOLEPIS BRACHIUSCULUS
779,779,LINED SEAHORSE,HIPPOCAMPUS ERECTUS
784,784,BLACK SCABBARDFISH,APHANOPUS CARBO
785,785,SILVER-RAG,ARIOMMA BONDI
795,795,BEANS BLUEBACK,SCOPELOGADUS BEANII
798,798,MELAMPHAES MICROPS,MELAMPHAES MICROPS
800,800,POROMITRA CRASSICEPS,POROMITRA CRASSICEPS
802,802,BERYCOID FISH,BERYCIFORMES O.
805,805,TONGUEFISH,SYMPHURUS SP.
811,811,MYCTOPHIFORMES,MYCTOPHIFORMES O.
814,814,BATHYSAURUS FEROX,BATHYSAURUS FEROX
816,816,TONGUE FISH,SYMPHURUS DIOMEDEANUS
819,819,LOOSEJAWS (NS),MALACOSTEIDAE F.
820,820,CUBICEPS PAUCIRADIATUS,CUBICEPS PAUCIRADIATUS
827,827,PUFFER,SPHOEROIDES SP.
833,833,"LIZARDFISH,LARGESCALE",SAURIDA BRASILIENSIS
844,844,"BATFISH,SPINY",HALIEUTICHTHYS ACULEATUS
845,845,EELPOUT (NS),LYCODES EUDIPLEUROSTICTUS
859,859,MELANOSTOMIAS SP.,MELANOSTOMIAS SP.
862,862,DICROLENE INTRONIGER,DICROLENE INTRONIGER
863,863,BATHYPTEROIS QUADRIFILIS,BATHYPTEROIS QUADRIFILIS
865,865,ALDROVANDIA PHALACRA,ALDROVANDIA PHALACRA
866,866,SPOTTED TINSELFISH,XENOLEPIDICHTHYS DALGLEISHI
868,868,SEASNAIL,PARALIPARIS CALIDUS
869,869,SEASNAIL,PARALIPARIS GARMANI
878,878,EPIGONUS SP.,EPIGONUS SP.
880,880,"HOOKEAR SCULPIN,ATL.",ARTEDIELLUS ATLANTICUS
883,883,GONOSTOMA BATHYPHILUM,GONOSTOMA BATHYPHILUM
887,887,CHIASMODON BOLANGERI,CHIASMODON BOLANGERI
891,891,LAMPRIFORMES,LAMPRIFORMES
900,900,SEALS (NS),PHOCIDAE F.
901,901,ECTREPOSEBASTES IMUS,ECTREPOSEBASTES IMUS
909,909,CHIASMODON SP.,CHIASMODON SP.
914,914,HOLTBYRNIA ANOMALA,HOLTBYRNIA ANOMALA
924,924,SCOTIAN SNAILFISH,CAREPROCTUS RANULA
928,928,ARGYROPELECUS SP.,ARGYROPELECUS SP.
935,935,DIPLOPHOS MADERENSIS,DIPLOPHOS MADERENSIS
942,942,POLYMETME CORYTHAEOLA,POLYMETME CORYTHAEOLA
946,946,BLENNIES (NS),LUMPENUS  SP.
947,947,APRISTURUS LAURUSSONI,APRISTURUS LAURUSSONI
949,949,"DRAGONFISH,BIGHEAD (NS)",BOROSTOMIAS  SP.
963,963,SMOOTHHEAD,ROULEINA MADERENSIS
967,967,"SKATE,ROSETTE",RAJA GARMANI
979,979,ALEPOCEPHALUS SP.,ALEPOCEPHALUS SP.
983,983,APRISTURUS SP.,APRISTURUS SP.
1006,1006,ORANGE ROUGHY,HOPLOSTETHUS ATLANTICUS
1007,1007,BATHYRAJA SP,BATHYRAJA SP
1010,1010,HALOSAURUS GUENTHERI,HALOSAURUS GUENTHERI
1012,1012,BASSOGIGAS GILLI,BASSOGIGAS GILLI
1013,1013,NEZUMIA SP.,NEZUMIA SP.
1017,1017,ROULEINA ATTRITA,ROULEINA ATTRITA
1019,1019,ILYOPHIS BRUNNEUS,ILYOPHIS BRUNNEUS
1024,1024,ILYOPHIS SP,ILYOPHIS SP
1025,1025,VENEFICA PROCERA,VENEFICA PROCERA
1028,1028,HALOSAUROPSIS MACROCHIR,HALOSAUROPSIS MACROCHIR
1029,1029,ALDROVANDIA SP,ALDROVANDIA SP
1030,1030,ALDROVANDIA AFFINIS,ALDROVANDIA AFFINIS
1032,1032,BATHYTROCTES MICROLEPIS,BATHYTROCTES MICROLEPIS
1037,1037,BATHYPTEROIS SP.,BATHYPTEROIS SP.
1038,1038,BATHYPTEROIS GRALLATOR,BATHYPTEROIS GRALLATOR
1039,1039,BATHYPTEROIS LONGIPES,BATHYPTEROIS LONGIPES
1041,1041,LAEMONEMA SP.,LAEMONEMA SP.
1045,1045,BATHYPTEROIS PHENAX,BATHYPTEROIS PHENAX
1050,1050,BLACK OREO,NEOCYTTUS HELGAE
1052,1052,ROULEINA SP.,ROULEINA SP.
1054,1054,DUCKBILL BARRACUDINA,PARALEPIS ATLANTICA KROYER
1056,1056,STEREOMASTIS SCULPTA,STEREOMASTIS SCULPTA
1060,1060,CORYPHAENOIDES CARAPINUS,CORYPHAENOIDES CARAPINUS
1064,1064,CORYPHAENOIDES SP,CORYPHAENOIDES SP
1071,1071,CHAIN CATSHARK,SCYLIORHINUS RETIFER
1072,1072,CATAETYX LATICEPS,CATAETYX LATICEPS
1076,1076,LAEMONEMA BARBATULUM,LAEMONEMA BARBATULUM
1091,1091,UNIDENTIFIED SPECIES,UNIDENTIFIED A
1092,1092,UNIDENTIFIED SPECIES,UNIDENTIFIED B
1093,1093,UNIDENTIFIED SPECIES,UNIDENTIFIED C
1094,1094,UNIDENTIFIED SPECIES,UNIDENTIFIED D
1095,1095,UNIDENTIFIED SPECIES,UNIDENTIFIED E
1100,1100,EGGS UNID.,EGGS UNID.
1191,1191,Skate;LITTLE OR WINTER; Unspecified,LEUCORAJA SP.
1199,1199,PURSE BARNDOOR SKATE,PURSE BARNDOOR SKATE
1200,1200,FISH EGGS-UNIDENTIFIED,FISH EGGS-UNIDENTIFIED
1201,1201,PURSE THORNY SKATE,PURSE THORNY SKATE
1202,1202,PURSE SMOOTH SKATE,PURSE SMOOTH SKATE
1203,1203,PURSE LITTLE SKATE,PURSE LITTLE SKATE
1204,1204,PURSE WINTER SKATE,PURSE WINTER SKATE
1218,1218,"SEA RAVEN, EGGS","HEMITRIPTERUS AMERICANUS, EGGS"
1224,1224,SKATE UNID. EGGS,RAJA EGGS
1228,1228,SCULPIN EGGS UNID.,MYOXOCEPHALUS EGGS
1264,1264,GHOST CATSHARK,APRISTURUS MANIS
1269,1269,VAILLANTS GRENADIER,BATHYGADUS MELANOBRANCHUS
1270,1270,SMOOTH GRENADIER,NEZUMIA AEQUALIS
1274,1274,LEPIDION SCHMIDTI,LEPIDION SCHMIDTI
1279,1279,TREMASTER MIRABILIS,TREMASTER MIRABILIS
1280,1280,URASTERIAS LINCKI,URASTERIAS LINCKI
1281,1281,ARISTAEPSIS EDWARDSINANA,ARISTAEPSIS EDWARDSINANA
1282,1282,LEBBEUS MICROCEROS,LEBBEUS MICROCEROS
1283,1283,SERGIA ROBUSTA,SERGIA ROBUSTA
1312,1312,HIPPOLYTID EGGS,HYPPOLYTID EGGS
1500,1500,MOLLUSC EGGS UNID.,MOLLUSCA EGGS
1510,1510,WHELK EGGS (NS),BUCCINIDAE EGGS
1511,1511,SNAIL/SLUG EGGS,GASTEROPODA EGGS
1530,1530,SQUID EGGS,CEPHALOPODA UNID. EGGS
1600,1600,INVERTEBRATE EGGS,INVERTEBRATE EGGS
1701,1701,MARINE INVERTEBRATES (NS),MARINE INVERTEBRATA (NS)
1800,1800,PROTOCHORDATA SP.,PROTOCHORDATA SP.
1810,1810,TUNICATA S.P.,TUNICATA S.P.
1811,1811,ASCIDIACEA C. ,ASCIDIACEA C.
1812,1812,BOLTENIA OVIFERA,BOLTENIA OVIFERA
1815,1815,MOLGULIDAE F.,MOLGULIDAE F.
1821,1821,SEA SQUIRTS,ASCIDIA SP.
1822,1822,DENDRODOA SP.,DENDRODOA SP.
1823,1823,SEA POTATO,BOLTENIA SP.
1826,1826,SEA GRAPES,MOLGULA MANHATTENSIS
1827,1827,SEA PEACH,HALOCYNTHIA PYRIFORMIS
1840,1840,SALPIDAE F.,SALPIDAE F.
1900,1900,BRYOZOANS P.,BRYOZOANS P.
1901,1901,LEMONWEED,FLUSTRA FOLIACEA
1920,1920,BRYOZOANS ECTOPROCTA,BRYOZOANS ECTOPROCTA P.
1930,1930,LAMPSHELLS,BRYOZOANS BRACHIOPODA P.
1932,1932,TEREBRATULINA SP.,TEREBRATULINA SP.
2000,2000,CRUSTACEA C.,CRUSTACEA C.
2001,2001,CRUSTACEA LARVAE,CRUSTACEA LARVAE
2056,2056,ARCOSCALPELLUM MICHELOTTIANUM,ARCOSCALPELLUM MICHELOTTIANUM
2062,2062,CHIRONA HAMERI,CHIRONA HAMERI
2100,2100,SHRIMPS,DECAPODA O.
2200,2200,PANDALIDAE F.,PANDALIDAE F.
2210,2210,PANDALUS SP.,PANDALUS SP.
2211,2211,PANDALUS BOREALIS,PANDALUS BOREALIS
2212,2212,PANDALUS MONTAGUI,PANDALUS MONTAGUI
2213,2213,ATLANTOPANDALUS PROPINQUUS,ATLANTOPANDALUS PROPINQVUS
2214,2214,DICHELOPANDALUS LEPTOCERUS,DICHELOPANDALUS LEPTOCERUS
2215,2215,DICHELOPANDALUS SP.,DICHELOPANDALUS SP.
2216,2216,PLESIONIKA SP.,PLESIONIKA SP. 
2217,2217,PLESIONIKA MARTIA,PLESIONIKA MARTIA
2219,2219,PASIPHAEIDAE F.,PASIPHAEIDAE F.
2220,2220,PASIPHAEA TARDA,PASIPHAEA TARDA
2221,2221,PASIPHAEA MULTIDENTATA,PASIPHAEA MULTIDENTATA
2222,2222,PARAPASIPHAE SULCATIFRONS,PARAPASIPHAE SULCATIFRONS
2223,2223,SERGESTES ARCTICUS,SERGESTES ARCTICUS
2310,2310,SPIRONTOCARIS,SPIRONTOCARIS SP.
2311,2311,SPIRONTOCARIS FABRICI,SPIRONTOCARIS FABRICII (OBSOLETE)
2312,2312,LEBBEUS POLARIS,LEBBEUS POLARIS
2313,2313,SPIRONTOCARIS LILJEBORGII,SPIRONTOCARIS LILJEBORGII
2315,2315,SPIRONTOCARIS PHIPPSII,SPIRONTOCARIS PHIPPSII
2316,2316,SPIRONTOCARIS SPINUS,SPIRONTOCARIS SPINUS
2319,2319,LEBBEUS GROENLANDICUS,LEBBEUS GROENLANDICUS
2320,2320,LEBBEUS SP.,LEBBEUS SP.
2321,2321,LEBBEUS ZEBRA,LEBBEUS ZEBRA
2330,2330,EUALUS SP.,EUALUS SP.
2331,2331,EUALUS MACILENTUS,EUALUS MACILENTUS
2332,2332,EUALUS FABRICII,EUALUS FABRICII
2333,2333,EUALUS GAIMARDII,EUALUS GAIMARDII
2361,2361,ACANTHEPHYRA SP.,ACANTHEPHYRA SP.
2362,2362,ACANTHEPHYRA PURPUREA,ACANTHEPHYRA PURPUREA
2363,2363,ACANTHEPHYRA EXEMIA,ACANTHEPHYRA EXEMIA
2369,2369,OPLOPHORUS SPINOSUS,OPLOPHORUS SPINOSUS
2400,2400,CRANGONIDAE   F.,CRANGONIDAE F.
2410,2410,ARGIS SP.,ARGIS SP.
2411,2411,ARGIS DENTATA,ARGIS DENTATA
2413,2413,SCLEROCRANGON SP.,SCLEROCRANGON SP.
2414,2414,SCLEROCRANGON BOREAS,SCLEROCRANGON BOREAS
2415,2415,PONTOPHILUS NORVEGICUS,PONTOPHILUS NORVEGICUS
2416,2416,CRANGON SP.,CRANGON SP.
2417,2417,CRANGON SEPTEMSPINOSA,CRANGON SEPTEMSPINOSA
2419,2419,SABINEA SARSI,SABINEA SARSI
2420,2420,SABINEA SP.,SABINEA SP.
2421,2421,SABINEA SEPTEMCARINATA,SABINEA SEPTEMCARINATA
2461,2461,SERGESTES SP.,SERGESTES SP.
2470,2470,ARISTEIDAE F,ARISTEIDAE F
2471,2471,GENNADAS SP.,GENNADAS SP.
2499,2499,SHRIMP-LIKE,SHRIMP-LIKE
2506,2506,BATHYNECTES LONGISPINA,BATHYNECTES LONGISPINA
2507,2507,CRAB,CRAB
2509,2509,CANCER CRAB (NS),CANCRIDAE F.
2510,2510,BRACHIURAN CRABS,BRACHYURA S.
2511,2511,JONAH CRAB,CANCER BOREALIS
2513,2513,ATLANTIC ROCK CRAB,CANCER IRRORATUS
2515,2515,PORTUNIDAE F.,PORTUNIDAE F.
2519,2519,SPIDER CRAB (NS),MAJIDAE F.
2520,2520,"TOAD CRAB,UNIDENT.",HYAS SP.
2521,2521,HYAS COARCTATUS,HYAS COARCTATUS
2522,2522,"SPIDER/(QUEEN,SNOW)UNID",CHIONOECETES SP. (OBSOLETE)
2523,2523,NORTHERN STONE CRAB,LITHODES MAJA
2524,2524,CANCER SP.,CANCER SP.
2525,2525,SPINY CRAB,LITHODES/NEOLITHODES
2526,2526,SNOW CRAB (QUEEN),CHIONOECETES OPILIO
2527,2527,TOAD CRAB,HYAS ARANEUS
2528,2528,PORCUPINE CRAB,NEOLITHODES GRIMALDII
2529,2529,CALAPPA MEGALOPS,CALAPPA MEGALOPS
2532,2532,RED DEEPSEA CRAB,CHACEON QUINQUEDENS
2539,2539,LADY CRAB,OVALIPES OCELLATUS
2540,2540,AXIIDAE F.,AXIIDAE F.
2541,2541,AXIUS SERRATUS,AXIUS SERRATUS
2544,2544,HOMOLA MINIMA,HOMOLA MINIMA
2547,2547,SPINOLAMBRUS POURTALESII,SPINOLAMBRUS POURTALESII
2550,2550,AMERICAN LOBSTER,HOMARUS AMERICANUS
2554,2554,GALATHEIDAE F.,GALATHEIDAE F.
2555,2555,MUNIDA IRIS,MUNIDA IRIS
2556,2556,MUNIDA VALIDA,MUNIDA VALIDA
2558,2558,PAGURUS POLITUS,PAGURUS POLITUS
2559,2559,HERMIT CRABS,PAGURIDAE F.
2560,2560,PAGUROIDEA S.F.,PAGUROIDEA S.F.
2561,2561,PAGURUS SP.,PAGURUS SP.
2562,2562,PAGURUS ACADIANUS,PAGURUS ACADIANUS
2565,2565,MUD SHRIMP,THALASSINIDAE S.F.
2566,2566,MUNIDOPSIS CURVIROSTRA,MUNIDOPSIS CURVIROSTRA
2568,2568,PAGURUS ARCUATUS,PAGURUS ARCUATUS
2571,2571,ONCOPAGURUS SPP.,ONCOPAGURUS SPP.
2600,2600,KRILL SHRIMP,EUPHAUSIACEA O.
2605,2605,LIMACINA SP.,LIMACINA SP.
2610,2610,EUPHAUSIIDAE F.,EUPHAUSIIDAE F.
2611,2611,Northern Krill,MEGANYCTIPHANES NORVEGICA
2612,2612,EUPHAUSIA SP.,EUPHAUSIA SP.
2621,2621,THYSANOESSA RASCHII,THYSANOESSA RASCHII
2700,2700,MYSID SHRIMP,MYSIDACEA O.
2771,2771,GNATHOPHAUSIA SP.,GNATHOPHAUSIA SP.
2795,2795,EPIMERIA LORICATA,EPIMERIA LORICATA
2799,2799,STEGOCEPHALUS INFLATUS,STEGOCEPHALUS INFLATUS
2800,2800,AMPHIPODA O.,AMPHIPODA O.
2802,2802,AMPHIPOD,HYPERIA OCULATA
2803,2803,AMPHIPODS,ARRHIS PHYLLONIX
2809,2809,PARATHEMISTO SP.,PARATHEMISTO SP.
2810,2810,HYPERIA SP.,HYPERIA SP.
2811,2811,GAMMARIDAE F.,GAMMARIDAE F.
2833,2833,ANONYX SP.,ANONYX SP.
2844,2844,ANONYX SARSI,ANONYX SARSI
2848,2848,RHACHOTROPIS ACULEATA,RHACHOTROPIS ACULEATA
2864,2864,AMPHIPOD,AMPELISCA MACROCEPHALA
2893,2893,NYMPHON SP.,NYMPHON SP.
2900,2900,COPEPODA S.C.,COPEPODA S.C.
2906,2906,HYPERIIDAE F.,HYPERIIDAE F.
2908,2908,COPEPOD,MONSTRILLA SP.
2930,2930,OITHONA SPINIROSTRIS,OITHONA SPINIROSTRIS
2940,2940,TANAIDAE F.,TANAIDAE F.
2946,2946,PHRONIMA SP.,PHRONIMA SP.
2980,2980,RED ISOPOD,ISOPODA O.
2981,2981,AEGA PSORA,AEGA PSORA
2990,2990,BARNACLES,CIRRIPEDIA S.C.
2995,2995,BALANIDAE F.,BALANIDAE F.
2996,2996,IDOTEA SP.,IDOTEA SP.
2999,2999,ISOPOD,CALATHURA BRANCHIATA
3000,3000,SEGMENTED WORMS,ANNELIDA P.
3085,3085,EUNICIDAE F.,EUNICIDAE F.
3099,3099,HYALINOECIA CF TUBICOLA,HYALINOECIA CF TUBICOLA
3100,3100,BRISTLE WORMS,POLYCHAETA C.
3101,3101,"LARGE POLYCHAETE, 3MM DIA","POLYCHAETA C.,LARGE"
3102,3102,SMALL POLYCHAETE )3MM DIA,"POLYCHAETA C.,SMALL"
3104,3104,NEPHTYS SP.,NEPHTYS SP.
3115,3115,NEPHTYIDFAE F.,NEPHTYIDAE F.
3130,3130,NEREIS SP.,NEREIS SP.
3138,3138,SABELLIDAE F.,SABELLIDAE F.
3143,3143,FILAMENT TUBE WORM,MALDANIDAE F.
3144,3144,PECTINARIA SP.,PECTINARIA SP.
3147,3147,FAN WORM,POTAMILLA NEGLECTA
3150,3150,NEREIDAE F.,NEREIDAE F.
3159,3159,OPHELIA SP.,OPHELIA SP.
3160,3160,TEREBELLIDAE F.,TEREBELLIDAE F.
3161,3161,LUGWORM,ARENICOLA MARINA
3164,3164,SPIONIDA F.,SPIONIDA F.
3194,3194,OWENIIDAE F.,OWENIIDAE F.
3200,3200,SEA MOUSE,APHRODITA HASTATA
3210,3210,APHRODITIDAE F.,APHRODITIDAE F.
3211,3211,APHRODITA ACULEATA,APHRODITA ACULEATA (OBSOLETE)
3212,3212,APHRODITA SP.,APHRODITA SP.
3215,3215,LAETMONICE FILICORNIS,LAETMONICE FILICORNIS
3221,3221,CHONE SP.,CHONE SP.
3240,3240,CARIDEA SO.,CARIDEA SO.
3300,3300,GEPHYREA (SIPUNCULA),GEPHYREA (SIPUNCULA) P.
3500,3500,POLYNOIDAE F.,POLYNOIDAE F.
3501,3501,LEPIDONOTUS SQUAMATUS,LEPIDONOTUS SQUAMATUS
3503,3503,HARMOTHOE SP.,HARMOTHOE SP.
3505,3505,HARMOTHOE EXTENUATA,HARMOTHOE EXTENUATA
3550,3550,BLOOD WORMS,GLYCERA SP.
3551,3551,BLOOD WORM,GLYCERA CAPITATA
3600,3600,"SEA SNAILS,SEA BUTTERFLIES, PTEROPODA",HETEROPODA
3700,3700,SIPUNCULUS SP.,SIPUNCULUS SP.
3999,3999,SAND TUBE,SAND TUBE
4000,4000,MOLLUSCA P.,MOLLUSCA P.
4200,4200,SNAILS AND SLUGS,GASTROPODA O.
4209,4209,BUCCINIDAE F.,BUCCINIDAE F.
4210,4210,WHELKS,BUCCINUM SP.
4211,4211,"WAVE WHELK,COMMON EDIBLE",BUCCINUM UNDATUM
4212,4212,SILKY BUCCINUM,BUCCINUM SCALARIFORME
4213,4213,BERINGIUS TURTONI ,BERINGIUS TURTONI 
4220,4220,MOON SNAIL UNSP,NATICIDAE F.
4221,4221,NORTHERN MOONSNAIL,EUSPIRA HEROS
4224,4224,MARGARITES COSTALIS,MARGARITES COSTALIS
4225,4225,MARGARITES GROENLANDICA,MARGARITES GROENLANDICA
4227,4227,NEW ENGLAND NEPTUNE,NEPTUNEA DECEMCOSTATA
4228,4228,SPINDLE SHELL,COLUS SP.
4230,4230,DUCK OR PELICAN FOOT,APORRHAIS SP.
4231,4231,NUCELLA LAPILLUS,NUCELLA LAPILLUS
4233,4233,NASSA BIVITTATA,NASSA BIVITTATA
4235,4235,DOG WHELKS,NASSARIIDAE OR THAISIDAE F.
4240,4240,EPITONIUM,EPITONIUM SP.
4250,4250,PERIWINKLES,LITTORINIDAE F.
4252,4252,VELVET SHELL,VELUTINA LAEVIGATA
4255,4255,TOP SHELLS,TROCHIDAE F.
4259,4259,CALLIOSTOMA OCCIDENTALE,CALLIOSTOMA OCCIDENTALE
4260,4260,AMAUROPSIS ISLANDICA,AMAUROPSIS ISLANDICA
4300,4300,BIVALVIA C.,BIVALVIA C.
4301,4301,RAZOR SHELL CLAM,ENSIS DIRECTUS
4304,4304,OCEAN QUAHAUG,ARCTICA ISLANDICA
4305,4305,PANDORA GOULDIANA,PANDORA GOULDIANA
4307,4307,ASTARTE UNDATA,ASTARTE UNDATA
4308,4308,NUCULA SP.,NUCULA SP.
4310,4310,CLAMS (NS),"PROTOBRANCHIA, HETERODONTA"
4311,4311,QUAHAUG,VENUS MERCENARIA (OBSOLETE)
4312,4312,BANK CLAM,CYRTODARIA SILIQUA
4314,4314,MORRHUA VENUSNA,PITAR MORRHUANA
4315,4315,RAZOR CLAM,SILIQUA SP.
4316,4316,ASTARTE SP.,ASTARTE SP.
4317,4317,"BAR,SURF CLAM",SPISULA SOLIDISSIMA
4318,4318,SOFT SHELL CLAM,MYA ARENARIA
4319,4319,SOFT SHELL OR LONG NECK CLAM,HIATELLA ARCTICA
4320,4320,SCALLOPS,PECTINIDAE F.
4321,4321,SEA SCALLOP,PLACOPECTEN MAGELLANICUS
4322,4322,ICELAND SCALLOP,CHLAMYS ISLANDICA
4323,4323,HARD CLAM,MERCENARIA MERCENARIA
4328,4328,ANOMIIDAE F.,ANOMIIDAE F.
4330,4330,MUSSELS (NS),MYTILIDAE F.
4331,4331,COMMON MUSSELS,MYTILUS EDULIS
4332,4332,HORSE MUSSELS,MODIOLUS MODIOLUS
4334,4334,MUSCULUS NIGER,MUSCULUS NIGER
4340,4340,COCKLES,CARDIIDAE F.
4342,4342,ICELAND COCKLE,CLINOCARDIUM CILIATUM
4343,4343,GREENLAND COCKLE,SERRIPES GROENLANDICUS
4344,4344,HEART SHELL,VENERICARDIA BOREALIS
4345,4345,NORTHERN DWARF COCKLE,CERASTODERMA PINNULATUM
4346,4346,SOLEMYA BOREALIS,SOLEMYA BOREALIS
4348,4348,MOLLUSCA SHELLS EMPTY,MOLLUSCA (EMPTY)
4349,4349,SCALLOP SHELLS,PECTINIDAE SHELLS
4350,4350,NUT SHELLS,NUCULIDAE F.
4355,4355,"STIMPSON'S SURF CLAM, ARCTIC SURF CLAM",MACTROMERIS POLYNYMA
4356,4356,YOLDIA SAPOTILLA,YOLDIA SAPOTILLA
4380,4380,ANOMIA SIMPLEX,ANOMIA SIMPLEX
4381,4381,ANOMIA SP.,ANOMIA SP.
4400,4400,SEA SLUGS,NUDIBRANCHIA O.
4410,4410,BUSHY BACKSLUG,DENDRONOTUS SP.
4431,4431,GIANT CANOE BUBBLE,SCAPHANDER PUNCTOSTRIATUS
4500,4500,CEPHALOPODA C.,CEPHALOPODA C.
4508,4508,BATHYPOLYPUS SPP. ,BATHYPOLYPUS SPP. 
4509,4509,CIRROTEUTHIS SPP. ,CIRROTEUTHIS SPP.  
4510,4510,OMMASTREPHIDAE F.,OMMASTREPHIDAE F.
4511,4511,SHORT-FIN SQUID,ILLEX ILLECEBROSUS
4512,4512,"LONGFIN SQUID, LONGFIN INSHORE SQUID",LOLIGO PEALEII
4513,4513,OMMASTREPHES SP.,OMMASTREPHES SP.
4514,4514,SQUID (NS),"LOLIGINIDAE,OMMASTREPHIDAE F."
4515,4515,ILLEX SP.,ILLEX SP.
4520,4520,OCTOPUS,INCIRRINA S.O.
4521,4521,OCTOPUS,OCTOPODA O.
4522,4522,SEMIROSSIA TENERA,SEMIROSSIA TENERA
4527,4527,STAUROTEUTHIDAE F.,STAUROTEUTHIDAE F.
4529,4529,OCTOPODIDAE F.,OCTOPODIDAE F.
4536,4536,BOBTAIL SQUID,SEPIOLODAE F.
4541,4541,LOLIGO SP.,LOLIGO SP.
4555,4555,HISTIOTEUTHIS SP.,HISTIOTEUTHIS SP.
4559,4559,PTERYGIOTEUTHIS SP.,PTERYGIOTEUTHIS SP.
4560,4560,PYROTEUTHIS SP.,PYROTEUTHIS SP.
4562,4562,OCTOPOTEUTHIS SP.,OCTOPOTEUTHIS SP.
4568,4568,GONATIDAE F.,GONATIDAE F.
4569,4569,GONATUS SP.,GONATUS SP.
4574,4574,HISTIOTEUTHIDAE F.,HISTIOTEUTHIDAE F.
4580,4580,HISTIOTEUTHIS REVERSA,HISTIOTEUTHIS REVERSA
4584,4584,MASTIGOTEUTHIS SP.,MASTIGOTEUTHIS SP.
4590,4590,TAONIINAE S.F.,TAONIINAE S.F.
4599,4599,GONATUS FABRICII,GONATUS FABRICII
4657,4657,TEUTHOWENIA MEGALOPS,TEUTHOWENIA MEGALOPS
4660,4660,GONATUS STEENSTRUPII,GONATUS STEENSTRUPII
4700,4700,CHITONS,POLYPLACOPHORA C.
5100,5100,SEA SPIDER,PYCNOGONIDA S.P.
5101,5101,PYCNOGONIDAE O.,PYCNOGONIDAE O.
5102,5102,ANEMONE SEA SPIDER,PYCNOGONUM LITTORALE
5105,5105,COLOSSENDEIS SPP.,COLOSSENDEIS SPP.
5200,5200,LIMPET (NS),ARCHAEOGASTROPODA O.
6000,6000,SPINY SKINNED ANIMALS,ECHINODERMATA P.
6006,6006,PORTUNID CRABS,BATHYNECTES MARAVIGNA (SUPERBUS)
6100,6100,ASTEROIDEA S.C.,ASTEROIDEA S.C.
6101,6101,CEREMASTER GRANULARIS,CEREMASTER GRANULARIS
6102,6102,PORANIA PULVILIS,PORANIA PULVILIS
6105,6105,ASTERIIDAE F.,ASTERIIDAE F.
6106,6106,SCLERASTERIAS TANNERI,SCLERASTERIAS TANNERI
6107,6107,STEPHANASTERIAS ALBULA,STEPHANASTERIAS ALBULA
6109,6109,ASTERIAS FORBESI,ASTERIAS FORBESI
6110,6110,ASTERIAS SP.,ASTERIAS SP.
6111,6111,ASTERIAS RUBENS,ASTERIAS RUBENS
6113,6113,LEPTASTERIAS POLARIS,LEPTASTERIAS POLARIS
6114,6114,LEPTASTERIAS SP.,LEPTASTERIAS SP.
6115,6115,MUD STAR,CTENODISCUS CRISPATUS
6116,6116,PSEUDARCHASTER SP,PSEUDARCHASTER SP
6117,6117,HIPPASTERIA PHRYGIANA,HIPPASTERIA PHRYGIANA
6118,6118,BLOOD STAR (GENUS),HENRICIA SP.
6119,6119,BLOOD STAR,HENRICIA SANGUINOLENTA
6120,6120,HENRICA SP,HENRICA SP.
6121,6121,PURPLE SUNSTAR,SOLASTER ENDECA
6122,6122,SOLASTER SPP.,SOLASTER SPP.
6123,6123,SPINY SUNSTAR,CROSSASTER PAPPOSUS
6125,6125,PTERASTER MILITARIS,PTERASTER MILITARIS
6126,6126,PTERASTER PULVILLUS,PTERASTER PULVILLUS
6128,6128,MEDIASTER BAIRDI,MEDIASTER BAIRDI
6129,6129,PORANIOMORPHA HISPIDA,PORANIOMORPHA HISPIDA
6130,6130,PORANIOMORPHA BOREALIS,PORANIOMORPHA BOREALIS
6131,6131,DIPLOPTERASTER MULTIPES,DIPLOPTERASTER MULTIPES
6133,6133,PONTASTER SP.,PONTASTER SP.
6134,6134,SLENDER ARMED SEA STAR,LEPTASTERIAS TENERA
6135,6135,ASTROTECTEN DUPLICATUS,ASTROTECTEN DUPLICATUS
6136,6136,ASTROPECTEN AMERICANUS,ASTROPECTEN AMERICANUS
6139,6139,PLUTONASTER AGASSIZI,PLUTONASTER AGASSIZI
6149,6149,SOLASTER SYRTENSIS,SOLASTER SYRTENSIS
6200,6200,BRITTLE STAR,OPHIUROIDEA S.C.
6201,6201,OPHIACANTHA ABYSSICOLA,OPHIACANTHA ABYSSICOLA
6202,6202,OPHIACANTHA BIDENTATA,OPHIACANTHA BIDENTATA
6211,6211,DAISY,OPHIOPHOLIS ACULEATA
6212,6212,OPHIURA SP.,OPHIURA SP.
6213,6213,OPHIURA SARSI,OPHIURA SARSI
6218,6218,OPHIOMUSA LYMANI,OPHIOMUSA LYMANI
6300,6300,BASKET STARS,"GORGONOCEPHALIDAE,ASTERONYCHIDAE F."
6310,6310,GORGONOCEPHALUS SP.,GORGONOCEPHALUS SP.
6397,6397,"SAND DOLLARS,URCHINS (NS)",ECHINOIDEA C.
6400,6400,SEA URCHINS,STRONGYLOCENTROTUS SP.
6411,6411,SEA URCHIN (GREEN),STRONGYLOCENTROTUS DROEBACHIENSIS
6413,6413,HEART URCHIN,BRISASTER FRAGILIS
6421,6421,PURPLE-SPINED SEA URCHIN,ARBACIA PUNCTULATA
6500,6500,SAND DOLLARS,CLYPEASTEROIDA O.
6511,6511,ECHINARACHNIUS PARMA,ECHINARACHNIUS PARMA
6600,6600,HOLOTHUROIDEA C.,HOLOTHUROIDEA C.
6601,6601,F. PHYLLOPHORIDAE,PENTAMERA CALCIGERA
6611,6611,SEA CUCUMBER (COMMON),CUCUMARIA FRONDOSA
6615,6615,STEREODERMA UNISEMITA,STEREODERMA UNISEMITA
6710,6710,PSOLUS SP.,PSOLUS SP.
6713,6713,SCARLETT PSOLUS,PSOLUS FABRICII
6715,6715,PSOLUS PHANTAPUS,PSOLUS PHANTAPUS
6717,6717,CAUDINA ARENATA,CAUDINA ARENATA
6718,6718,MOLPADIA SP.,MOLPADIA SP.
6719,6719,CHIRIDOTA LAEVIS,CHIRIDOTA LAEVIS
6900,6900,SEA LILIES,CRINOIDEA C.
7000,7000,"PARASITES,ROUND WORMS","PARASITES,ROUND WORMS"
7100,7100,NEMATODA C.,NEMATODA C.
7500,7500,TURBELLARIA C.,TURBELLARIA C.
8000,8000,"CTENOPHORES,COELENTERATES,PORIFERA","CTENOPHORES,COELENTERATES,PORIFERA P."
8010,8010,MOON JELLY,AURELIA AURITA
8100,8100,COMB JELLIES,CTENOPHORA P.
8145,8145,BLIND LOBSTER,POLYCHELES SCULPTUS
8200,8200,COELENTERATA P.,COELENTERATA P.
8208,8208,ANTHOZOA SEA ANEMONES,ACTINIARIA O.
8209,8209,ACTINIIDAE F. ,ACTINIIDAE F. 
8216,8216,ACTINOSTOLA SPP. ,ACTINOSTOLA SPP. 
8300,8300,SEA ANEMONE,ANTHOZOA C.
8311,8311,METRIDIUM SENILE,METRIDIUM SENILE
8313,8313,STOMPHIA COCCINEA,STOMPHIA COCCINEA
8315,8315,TEALIA  FELINA,TEALIA  FELINA
8316,8316,HORMATHIA SP.,HORMATHIA SP.
8317,8317,BOLOCERA SP.,BOLOCERA SP.
8318,8318,SEA PEN,PENNATULACEA
8320,8320,PACHYCERIANTHUS BOREALIS,PACHYCERIANTHUS BOREALIS
8322,8322,SEA CORN,PRIMNOA RESEDAEFORMIS
8323,8323,BUBBLE GUM CORAL,PARAGORGIA ARBOREA
8324,8324,"SEA CAULIFLOWER, STRAWBERRIES",GERSEMIA RUBIFORMIS
8325,8325,GOLD-BANDED/BAMBOO CORAL,KERATOISIS ORNATA
8326,8326,ACANTHOGORGIA ARMATA,ACANTHOGORGIA ARMATA
8327,8327,SOFT CORAL UNIDENTIFIED,SOFT CORAL UNIDENTIFIED
8328,8328,ANTHOMASTUS GRANDIFLORUS,ANTHOMASTUS GRANDIFLORUS
8329,8329,ACANELLA ARBUSCULA,ACANELLA ARBUSCULA
8330,8330,RADICIPES GRACILIS,RADICIPES GRACILIS
8331,8331,SPIDER HAZARDS CORAL,LOPHELIA PERTUSA
8332,8332,CORAL (NS),ANTHOZOA
8333,8333,PARAMURICEA SPP,PARAMURICEA SPP
8335,8335,CUP CORAL,FLABELLUM SP
8336,8336,DEAD MANS FINGERS,ALCYONIUM DIGITATUM
8337,8337,BLACK CORALS THORNY CORALS,ANTIPATHARIAN O.
8338,8338,CHRYSOGORGIA AGASSIZII,CHRYSOGORGIA AGASSIZII
8339,8339,Clavularia spp,Clavularia spp.
8340,8340,ECHINUS SP.,ECHINUS SP.
8341,8341,HYDROZOA,SERTULARIA POLYZONIAS
8343,8343,RIBBON WORM,NEMERTEA
8344,8344,STAGHORN BRYOZOA,HETROPODIDAE
8345,8345,SEA CUCUMBER,THYONELLA AFF. PERVICAX
8346,8346,PSEUDARCHASTER PARELII,PSEUDARCHASTER PARELII
8347,8347,PSILASTER ANDROMEDA,PSILASTER ANDROMEDA
8348,8348,LEPTYCHASTER ARCTICUS,LEPTYCHASTER ARCTICUS
8349,8349,LOPHASTER FURCIFER,LOPHASTER FURCIFER
8352,8352,SYSCENUS INFELIX,SYSCENUS INFELIX
8353,8353,ACANTHEPHYRA PELAGICA,ACANTHEPHYRA PELAGICA
8354,8354,SERGIA SP.,SERGIA SP.
8355,8355,DEEP SEA FINNED OCTOPUS,"OCTOPODA, CIRRATA"
8356,8356,RHIZAXINELLA SP.,RHIZAXINELLA SP.
8357,8357,GORGONOCEPHALUS LAMARCKI,GORGONOCEPHALUS LAMARCKI
8358,8358,EUSIRUS CUSPIDATUS,EUSIRUS CUSPIDATUS
8359,8359,FUNICULINA QUADRANGULARIS,FUNICULINA QUADRANGULARIS
8360,8360,PENNATULA GRANDIS (BOREALIS),PENNATULA GRANDIS (BOREALIS)
8361,8361,ANTHOPTILUM GRANDIFLORUM,ANTHOPTILUM GRANDIFLORUM
8362,8362,FLABELLUM ALABASTRUM,FLABELLUM ALABASTRUM
8363,8363,HALIPTERUS (BALTICINA) SP.,HALIPTERUS (BALTICINA) SP.
8364,8364,GEODIA SPP.,GEODIA SPP.
8366,8366,NO LONGER USED - PHAKELLIA SPP.,NO LONGER USED - PHAKELLIA SPP.
8367,8367,PENNATULA ACULEATA,PENNATULA ACULEATA
8381,8381,EPIZOANTHIDAE F.,EPIZOANTHIDAE F.
8382,8382,EPIZOANTHUS SPP.,EPIZOANTHUS SPP.
8386,8386,NEPHTHEIDAE F.,NEPHTHEIDAE F.
8388,8388,DRIFA GLOMERATA,DRIFA GLOMERATA
8389,8389,DUVA FLORIDA,DUVA FLORIDA
8390,8390,GERSEMIA FRUTICOSA,GERSEMIA FRUTICOSA
8392,8392,HETEROPOLYPUS SPP. ,HETEROPOLYPUS SPP. 
8400,8400,HYDROZOA C.,HYDROZOA C.
8405,8405,GARLAND HYDROIDS,SERTULARIA SP.
8500,8500,JELLYFISHES,SCYPHOZOA C.
8506,8506,ATOLLA WYVILLEI,ATOLLA WYVILLEI
8511,8511,PINK JELLYFISH,CYANEA CAPILLATA
8516,8516,PERIPHYLLA PERIPHYLLA,PERIPHYLLA PERIPHYLLA
8520,8520,JELLYFISH,PELAGIA NOCTILUCA
8530,8530,SEA CORALS (NS),SEA CORALS (NS)
8550,8550,STAUROZOA C.,STAUROZOA C. 
8600,8600,SPONGES,PORIFERA P.
8601,8601,RUSSIAN HATS,VAZELLA POURTALESI
8605,8605,POLYMASTIA F.,POLYMASTIA F.
8608,8608,POLYMASTIA HEMISPHAERICA,POLYMASTIA HEMISPHAERICA
8609,8609,POLYMASTIA ANDRICA,POLYMASTIA ANDRICA
8610,8610,POLYMASTIA SP.,POLYMASTIA SP.
8611,8611,POLYMASTIA MAMMILARIS,POLYMASTIA MAMMILARIS
8612,8612,TENTORIUM SEMISUBERITES,TENTORIUM SEMISUBERITES
8613,8613,FIG SPONGE,SUBERITES FICUS
8616,8616,MYCALE LINGUA,MYCALE LINGUA
8618,8618,HALICLONA SP.,HALICLONA SP.
8621,8621,EYED SPONGE,HALICLONA OCULATA
8625,8625,THENEA SP.,THENEA SP.
8700,8700,SIPHONOPHORA O.,SIPHONOPHORA O.
9000,9000,"UNID REMAINS,DIGESTED","UNID REMAINS,DIGESTED"
9001,9001,UNID FISH AND INVERTEBRATES,UNID FISH AND INVERTEBRATES
9002,9002,UNID FISH AND REMAINS,UNID FISH AND REMAINS
9003,9003,UNID FISH AND EGGS,UNID FISH AND EGGS
9200,9200,STONES AND ROCKS,STONES AND ROCKS
9300,9300,"SEAWEED,(ALGAE),KELP",THALLOPHYTA C.
9301,9301,BROWN ROCKWEED,FUCUS SP.
9302,9302,SEA LETTUCE,ULVA SP.
9303,9303,BROWN SEAWEEDS,PHAEOPHYCEAE C.
9305,9305,EEL GRASS,ZOSTERA MARINA
9308,9308,SOUR WEED,DESMARESTIA ACULEATA
9313,9313,LEATHESIA DIFFORMIS,LEATHESIA DIFFORMIS
9321,9321,LASAGNA KELP,LAMINARIA LONGICRURIS
9322,9322,HORSETAIL KELP,LAMINARIA DIGITATA
9323,9323,SEA WHIP KELP,ALARIA ESCULENTA
9324,9324,PIGSKIN KELP,SACCORHIZA DERMATODEA
9325,9325,SEA COLANDER/ HOLEY KELP,AGARUM CRIBROSUM
9327,9327,BLADDER WRACK,FUCUS VESICULOSUS
9328,9328,ROCK WEED,FUCUS DISTICHUS
9331,9331,KNOTTED WRACK,ASCOPHYLLUM NODOSUM
9334,9334,DULSE,PALMARIA PALMATA
9400,9400,"FOREIGN ARTICLES,GARBAGE","FOREIGN ARTICLES,GARBAGE"
9488,9488,GREATER SHEARWATER,PUFFINUS GRAVIS
9630,9630,ORGANIC DEBRIS,ORGANIC DEBRIS
9991,9991,FIRST UNIDENTIFIED PER SET,UNIDENTIFIED
9992,9992,SECOND UNIDENTIFIED PER SET,UNIDENTIFIED
9993,9993,THIRD UNIDENTIFIED PER SET,UNIDENTIFIED
9994,9994,FOURTH UNIDENTIFIED PER SET,UNIDENTIFIED
9995,9995,FIFTH UNIDENTIFIED PER SET,UNIDENTIFIED
9996,9996,SIXTH UNIDENTIFIED PER SET,UNIDENTIFIED
9997,9997,SEVENTH UNIDENTIFIED PER SET,UNIDENTIFIED
9998,9998,EIGHTH UNIDENTIFIED PER SET,UNIDENTIFIED
9999,9999,RESERVED,RESERVED
